trial,family,m,success,invalidResponses,truncatedResponses,duplicateGoals,participantAccuracy,allAgentAccuracy,selfCostCompliance,choices,target,reason
family-06-m4-r0,family-06,4,1,0,0,0,1.0,1.0,1.0,A B D C F E,A B D C F E,All 4 participating robots strictly benefit.
family-01-m4-r0,family-01,4,0,0,0,0,0.75,0.6666666666666666,0.8333333333333334,A E C B D F,A F C B D E,At least one participating robot would not strictly benefit. The exchange was cancelled.
family-06-m3-r0,family-06,3,1,0,0,0,1.0,1.0,1.0,D B A C F E,D B A C F E,All 3 participating robots strictly benefit.
family-04-m2-r0,family-04,2,0,0,0,0,0.0,0.3333333333333333,0.8333333333333334,F C A B D E,E C D B A F,At least one participating robot would not strictly benefit. The exchange was cancelled.
family-02-m3-r0,family-02,3,0,0,0,0,0.6666666666666666,0.6666666666666666,0.8333333333333334,F A E D C B,F D E A C B,At least one participating robot would not strictly benefit. The exchange was cancelled.
family-05-m2-r0,family-05,2,1,0,0,0,1.0,1.0,1.0,A C E B D F,A C E B D F,All 2 participating robots strictly benefit.
family-12-m3-r0,family-12,3,1,0,0,0,1.0,1.0,1.0,E F D B C A,E F D B C A,All 3 participating robots strictly benefit.
family-10-m2-r0,family-10,2,1,0,0,0,1.0,1.0,1.0,F A D E B C,F A D E B C,All 2 participating robots strictly benefit.
family-11-m3-r0,family-11,3,1,0,0,0,1.0,1.0,1.0,A E C F D B,A E C F D B,All 3 participating robots strictly benefit.
family-04-m4-r0,family-04,4,1,0,0,0,1.0,1.0,1.0,F C D B E A,F C D B E A,All 4 participating robots strictly benefit.
family-05-m3-r0,family-05,3,0,1,1,0,0.0,0.0,0.0,? ? ? ? ? ?,D C E B A F,Every robot must choose one valid goal.
family-09-m4-r0,family-09,4,1,0,0,0,1.0,1.0,1.0,E D F A B C,E D F A B C,All 4 participating robots strictly benefit.
family-02-m4-r0,family-02,4,0,0,0,0,0.25,0.3333333333333333,0.8333333333333334,F A C B D E,F C E A D B,At least one participating robot would not strictly benefit. The exchange was cancelled.
family-11-m4-r0,family-11,4,1,0,0,0,1.0,1.0,1.0,B E C F D A,B E C F D A,All 4 participating robots strictly benefit.
family-07-m3-r0,family-07,3,0,0,0,0,0.3333333333333333,0.6666666666666666,0.8333333333333334,A C E B D F,A C E D B F,At least one participating robot would not strictly benefit. The exchange was cancelled.
family-07-m2-r0,family-07,2,1,0,0,0,1.0,1.0,1.0,B E C D A F,B E C D A F,All 2 participating robots strictly benefit.
family-09-m2-r0,family-09,2,1,0,0,0,1.0,1.0,1.0,E D C A F B,E D C A F B,All 2 participating robots strictly benefit.
family-04-m3-r0,family-04,3,1,0,0,0,1.0,1.0,1.0,F C D B A E,F C D B A E,All 3 participating robots strictly benefit.
family-10-m4-r0,family-10,4,1,0,0,0,1.0,1.0,1.0,A F B D E C,A F B D E C,All 4 participating robots strictly benefit.
family-08-m3-r0,family-08,3,0,0,0,0,0.6666666666666666,0.6666666666666666,0.8333333333333334,B A C E D F,B C A E D F,At least one participating robot would not strictly benefit. The exchange was cancelled.
family-03-m2-r0,family-03,2,1,0,0,0,1.0,1.0,1.0,E B C D F A,E B C D F A,All 2 participating robots strictly benefit.
family-10-m3-r0,family-10,3,1,0,0,0,1.0,1.0,1.0,A F B D C E,A F B D C E,All 3 participating robots strictly benefit.
family-01-m2-r0,family-01,2,1,0,0,0,1.0,1.0,1.0,D F C B E A,D F C B E A,All 2 participating robots strictly benefit.
family-05-m4-r0,family-05,4,1,0,0,0,1.0,1.0,1.0,D A E B C F,D A E B C F,All 4 participating robots strictly benefit.
family-01-m3-r0,family-01,3,1,0,0,0,1.0,1.0,1.0,F A C B D E,F A C B D E,All 3 participating robots strictly benefit.
family-08-m4-r0,family-08,4,1,0,0,0,1.0,1.0,1.0,D B A E C F,D B A E C F,All 4 participating robots strictly benefit.
family-12-m2-r0,family-12,2,1,0,0,0,1.0,1.0,1.0,E F C B D A,E F C B D A,All 2 participating robots strictly benefit.
family-03-m4-r0,family-03,4,1,0,0,0,1.0,1.0,1.0,A B C F E D,A B C F E D,All 4 participating robots strictly benefit.
family-03-m3-r0,family-03,3,1,0,0,0,1.0,1.0,1.0,E B C A F D,E B C A F D,All 3 participating robots strictly benefit.
family-11-m2-r0,family-11,2,1,0,0,0,1.0,1.0,1.0,A E B F D C,A E B F D C,All 2 participating robots strictly benefit.
family-07-m4-r0,family-07,4,1,0,0,0,1.0,1.0,1.0,A E F D B C,A E F D B C,All 4 participating robots strictly benefit.
family-12-m4-r0,family-12,4,1,0,0,0,1.0,1.0,1.0,E C D B F A,E C D B F A,All 4 participating robots strictly benefit.
family-02-m2-r0,family-02,2,1,0,0,0,1.0,1.0,1.0,C F E A D B,C F E A D B,All 2 participating robots strictly benefit.
family-06-m2-r0,family-06,2,1,0,0,0,1.0,1.0,1.0,F B A C D E,F B A C D E,All 2 participating robots strictly benefit.
family-09-m3-r0,family-09,3,0,0,0,0,0.6666666666666666,0.6666666666666666,0.8333333333333334,F D E C B A,E D F C B A,At least one participating robot would not strictly benefit. The exchange was cancelled.
family-08-m2-r0,family-08,2,0,0,0,0,0.0,0.16666666666666666,0.8333333333333334,B A C E F D,E B A F C D,At least one participating robot would not strictly benefit. The exchange was cancelled.
