trial,family,m,rotation,success,participantAccuracy,nonparticipantAccuracy,allAgentAccuracy,correctParticipants,correctNonparticipants,invalidResponses,truncatedResponses,duplicateGoals,initialTotal,afterTotal,possibleSaving,realizedSavingFraction,beforeMakespan,afterMakespan,greedySuccess,oracleSuccess,choices,target,reason
family-06-m4-r0,family-06,4,0,0,0.0,0.0,0.0,0,0,0,0,1,43,43,8,0.0,15,15,0,1,E D E D E D,A B D C F E,Conflicting choices: more than one robot chose the same goal.
family-01-m4-r0,family-01,4,0,0,0.25,0.0,0.16666666666666666,1,0,0,0,1,48,48,8,0.0,15,15,0,1,D C C C C C,A F C B D E,Conflicting choices: more than one robot chose the same goal.
family-06-m3-r0,family-06,3,0,0,0.6666666666666666,0.0,0.3333333333333333,2,0,0,0,1,43,43,6,0.0,15,15,0,1,B C D D F E,D B A C F E,Conflicting choices: more than one robot chose the same goal.
family-04-m2-r0,family-04,2,0,0,0.0,0.25,0.16666666666666666,0,1,0,0,1,43,43,4,0.0,11,11,0,1,E D E F D E,E C D B A F,Conflicting choices: more than one robot chose the same goal.
family-02-m3-r0,family-02,3,0,0,0.3333333333333333,0.3333333333333333,0.3333333333333333,1,1,0,0,1,38,38,6,0.0,9,9,0,1,C C E B C C,F D E A C B,Conflicting choices: more than one robot chose the same goal.
family-05-m2-r0,family-05,2,0,0,0.0,0.5,0.3333333333333333,0,2,0,0,1,38,38,4,0.0,12,12,0,1,C B E C D D,A C E B D F,Conflicting choices: more than one robot chose the same goal.
family-12-m3-r0,family-12,3,0,0,0.0,0.6666666666666666,0.3333333333333333,0,2,0,0,1,36,36,6,0.0,10,10,0,1,E E C D C F,E F D B C A,Conflicting choices: more than one robot chose the same goal.
family-10-m2-r0,family-10,2,0,0,0.0,0.0,0.0,0,0,0,0,1,36,36,4,0.0,8,8,0,1,B D C D C D,F A D E B C,Conflicting choices: more than one robot chose the same goal.
family-11-m3-r0,family-11,3,0,0,0.3333333333333333,0.0,0.16666666666666666,1,0,0,0,1,52,52,6,0.0,15,15,0,1,C C C D B E,A E C F D B,Conflicting choices: more than one robot chose the same goal.
family-04-m4-r0,family-04,4,0,0,0.25,0.0,0.16666666666666666,1,0,0,0,1,43,43,8,0.0,11,11,0,1,C C C C C E,F C D B E A,Conflicting choices: more than one robot chose the same goal.
family-05-m3-r0,family-05,3,0,0,0.0,0.3333333333333333,0.16666666666666666,0,1,0,0,1,38,38,6,0.0,15,15,0,1,C F E E F E,D C E B A F,Conflicting choices: more than one robot chose the same goal.
family-09-m4-r0,family-09,4,0,0,0.0,0.5,0.16666666666666666,0,1,0,0,1,29,29,8,0.0,7,7,0,1,C B C B C C,E D F A B C,Conflicting choices: more than one robot chose the same goal.
family-02-m4-r0,family-02,4,0,0,0.25,0.5,0.3333333333333333,1,1,0,0,1,38,38,8,0.0,10,10,0,1,C C E B C E,F C E A D B,Conflicting choices: more than one robot chose the same goal.
family-11-m4-r0,family-11,4,0,0,0.25,0.5,0.3333333333333333,1,1,0,0,1,52,52,8,0.0,14,14,0,1,C B C D D E,B E C F D A,Conflicting choices: more than one robot chose the same goal.
family-07-m3-r0,family-07,3,0,0,0.0,0.0,0.0,0,0,0,0,1,52,52,6,0.0,13,13,0,1,B E C E C C,A C E D B F,Conflicting choices: more than one robot chose the same goal.
family-07-m2-r0,family-07,2,0,0,0.0,0.0,0.0,0,0,0,0,1,52,52,4,0.0,16,16,0,1,E B E C E C,B E C D A F,Conflicting choices: more than one robot chose the same goal.
family-09-m2-r0,family-09,2,0,0,0.0,0.25,0.16666666666666666,0,1,0,0,1,29,29,4,0.0,7,7,0,1,C B C D C C,E D C A F B,Conflicting choices: more than one robot chose the same goal.
family-04-m3-r0,family-04,3,0,0,0.0,0.6666666666666666,0.3333333333333333,0,2,0,0,1,43,43,6,0.0,11,11,0,1,F D E F D E,F C D B A E,Conflicting choices: more than one robot chose the same goal.
family-10-m4-r0,family-10,4,0,0,0.25,0.0,0.16666666666666666,1,0,0,0,1,36,36,8,0.0,11,11,0,1,E C D F C C,A F B D E C,Conflicting choices: more than one robot chose the same goal.
family-08-m3-r0,family-08,3,0,0,0.0,0.6666666666666666,0.3333333333333333,0,2,0,0,1,53,53,6,0.0,13,13,0,1,C C D D D D,B C A E D F,Conflicting choices: more than one robot chose the same goal.
family-03-m2-r0,family-03,2,0,0,0.5,0.0,0.16666666666666666,1,0,0,0,1,50,50,8,0.0,15,15,0,1,F C C F C C,E B C D F A,Conflicting choices: more than one robot chose the same goal.
family-10-m3-r0,family-10,3,0,0,0.0,0.3333333333333333,0.16666666666666666,0,1,0,0,1,36,36,6,0.0,11,11,0,1,F C C F C C,A F B D C E,Conflicting choices: more than one robot chose the same goal.
family-01-m2-r0,family-01,2,0,0,0.5,0.25,0.3333333333333333,1,1,0,0,1,48,48,4,0.0,15,15,0,1,D C C C C C,D F C B E A,Conflicting choices: more than one robot chose the same goal.
family-05-m4-r0,family-05,4,0,0,0.25,0.5,0.3333333333333333,1,1,0,0,1,38,38,8,0.0,10,10,0,1,C F C B C E,D A E B C F,Conflicting choices: more than one robot chose the same goal.
family-01-m3-r0,family-01,3,0,0,0.3333333333333333,0.3333333333333333,0.3333333333333333,1,1,0,0,1,48,48,6,0.0,14,14,0,1,D B C B C C,F A C B D E,Conflicting choices: more than one robot chose the same goal.
family-08-m4-r0,family-08,4,0,0,0.25,0.5,0.3333333333333333,1,1,0,0,1,53,53,8,0.0,19,19,0,1,D C D D E F,D B A E C F,Conflicting choices: more than one robot chose the same goal.
family-12-m2-r0,family-12,2,0,0,0.0,0.25,0.16666666666666666,0,1,0,0,1,36,36,4,0.0,9,9,0,1,C C D E D F,E F C B D A,Conflicting choices: more than one robot chose the same goal.
family-03-m4-r0,family-03,4,0,0,0.25,0.0,0.16666666666666666,1,0,0,0,1,50,50,16,0.0,13,13,0,1,C C D E B D,A B C F E D,Conflicting choices: more than one robot chose the same goal.
family-03-m3-r0,family-03,3,0,0,0.3333333333333333,0.3333333333333333,0.3333333333333333,1,1,0,0,1,50,50,12,0.0,15,15,0,1,E C C C C C,E B C A F D,Conflicting choices: more than one robot chose the same goal.
family-11-m2-r0,family-11,2,0,0,0.5,0.25,0.3333333333333333,1,1,0,0,1,52,52,4,0.0,14,14,0,1,E C C E D C,A E B F D C,Conflicting choices: more than one robot chose the same goal.
family-07-m4-r0,family-07,4,0,0,0.5,0.5,0.5,2,1,0,0,1,52,52,8,0.0,16,16,0,1,C E D D C C,A E F D B C,Conflicting choices: more than one robot chose the same goal.
family-12-m4-r0,family-12,4,0,0,0.0,0.0,0.0,0,0,0,0,1,36,36,8,0.0,10,10,0,1,C D C C C C,E C D B F A,Conflicting choices: more than one robot chose the same goal.
family-02-m2-r0,family-02,2,0,0,0.0,0.25,0.16666666666666666,0,1,0,0,1,38,38,4,0.0,14,14,0,1,C C D E C D,C F E A D B,Conflicting choices: more than one robot chose the same goal.
family-06-m2-r0,family-06,2,0,0,0.0,0.25,0.16666666666666666,0,1,0,0,1,43,43,4,0.0,15,15,0,1,F D D D F D,F B A C D E,Conflicting choices: more than one robot chose the same goal.
family-09-m3-r0,family-09,3,0,0,0.0,0.0,0.0,0,0,0,0,1,29,29,6,0.0,10,10,0,1,C B C E C C,E D F C B A,Conflicting choices: more than one robot chose the same goal.
family-08-m2-r0,family-08,2,0,0,0.0,0.25,0.16666666666666666,0,1,0,0,1,53,53,4,0.0,14,14,0,1,E C E D E C,E B A F C D,Conflicting choices: more than one robot chose the same goal.
