family,m,success,participantAccuracy,nonparticipantAccuracy,allAgentAccuracy,realizedSavingFraction,greedySuccess
family-01,2,0,0.25,0.375,0.3333333333333333,0.0,0
family-01,3,0,0.2222222222222222,0.38888888888888884,0.3055555555555555,0.0,0
family-01,4,0,0.16666666666666666,0.25,0.19444444444444442,0.0,0
family-02,2,0,0.08333333333333333,0.5,0.3611111111111111,0.0,0
family-02,3,0,0.16666666666666666,0.38888888888888884,0.2777777777777778,0.0,0
family-02,4,0,0.041666666666666664,0.4166666666666667,0.16666666666666666,0.0,0
family-03,2,0,0.16666666666666666,0.3333333333333333,0.2777777777777778,0.0,0
family-03,3,0,0.2222222222222222,0.2777777777777778,0.25,0.0,0
family-03,4,0,0.2916666666666667,0.4166666666666667,0.3333333333333333,0.0,0
family-04,2,0,0.25,0.5,0.41666666666666663,0.0,0
family-04,3,0,0.2222222222222222,0.5,0.3611111111111111,0.0,0
family-04,4,0,0.041666666666666664,0.25,0.1111111111111111,0.0,0
family-05,2,0,0.25,0.3333333333333333,0.3055555555555555,0.0,0
family-05,3,0,0.16666666666666666,0.4444444444444444,0.3055555555555555,0.0,0
family-05,4,0,0.20833333333333334,0.5,0.3055555555555555,0.0,0
family-06,2,0,0.0,0.25,0.16666666666666666,0.0,0
family-06,3,0,0.1111111111111111,0.2777777777777778,0.19444444444444442,0.0,0
family-06,4,0,0.08333333333333333,0.4166666666666667,0.19444444444444442,0.0,0
family-07,2,0,0.0,0.4166666666666667,0.2777777777777778,0.0,0
family-07,3,0,0.1111111111111111,0.3333333333333333,0.2222222222222222,0.0,0
family-07,4,0,0.125,0.4166666666666667,0.2222222222222222,0.0,0
family-08,2,0,0.25,0.5,0.4166666666666667,0.0,0
family-08,3,0,0.16666666666666666,0.2222222222222222,0.19444444444444442,0.0,0
family-08,4,0,0.16666666666666666,0.4166666666666667,0.25,0.0,0
family-09,2,0,0.3333333333333333,0.4583333333333333,0.41666666666666663,0.0,0
family-09,3,0,0.2222222222222222,0.1111111111111111,0.16666666666666666,0.0,0
family-09,4,0,0.20833333333333334,0.25,0.2222222222222222,0.0,0
family-10,2,0,0.0,0.2916666666666667,0.19444444444444442,0.0,0
family-10,3,0,0.1111111111111111,0.5555555555555556,0.3333333333333333,0.0,0
family-10,4,0,0.041666666666666664,0.4166666666666667,0.16666666666666666,0.0,0
family-11,2,0,0.08333333333333333,0.5,0.3611111111111111,0.0,0
family-11,3,0,0.1111111111111111,0.4444444444444444,0.2777777777777778,0.0,0
family-11,4,0,0.041666666666666664,0.25,0.1111111111111111,0.0,0
family-12,2,0,0.25,0.3333333333333333,0.3055555555555555,0.0,0
family-12,3,0,0.2222222222222222,0.3333333333333333,0.2777777777777778,0.0,0
family-12,4,0,0.16666666666666666,0.16666666666666666,0.16666666666666666,0.0,0
