trial,family,m,rotation,success,participantAccuracy,nonparticipantAccuracy,allAgentAccuracy,correctParticipants,correctNonparticipants,invalidResponses,duplicateGoals,initialTotal,afterTotal,possibleSaving,realizedSavingFraction,beforeMakespan,afterMakespan,greedySuccess,oracleSuccess,choices,target,reason
family-03-m2-r5,family-03,2,5,0,0.0,0.5,0.3333333333333333,0,2,0,1,50,50,8,0.0,15,15,0,1,C C C D C E,F D A B C E,Conflicting choices: more than one robot chose the same goal.
family-10-m4-r3,family-10,4,3,0,0.0,1.0,0.3333333333333333,0,2,0,1,36,36,8,0.0,11,11,0,1,C B C D E F,A B F D C E,Conflicting choices: more than one robot chose the same goal.
family-04-m2-r3,family-04,2,3,0,0.5,0.25,0.3333333333333333,1,1,0,1,43,43,4,0.0,11,11,0,1,F D C D E F,E D C B F A,Conflicting choices: more than one robot chose the same goal.
family-01-m4-r2,family-01,4,2,0,0.0,0.5,0.16666666666666666,0,1,0,1,48,48,8,0.0,15,15,0,1,C E C D C D,E D F A C B,Conflicting choices: more than one robot chose the same goal.
family-10-m3-r3,family-10,3,3,0,0.0,0.3333333333333333,0.16666666666666666,0,1,0,1,36,36,6,0.0,11,11,0,1,C B C D E F,A F B D C E,Conflicting choices: more than one robot chose the same goal.
family-11-m3-r4,family-11,3,4,0,0.3333333333333333,0.3333333333333333,0.3333333333333333,1,1,0,1,52,52,6,0.0,15,15,0,1,C C C C E D,B F E C A D,Conflicting choices: more than one robot chose the same goal.
family-10-m3-r5,family-10,3,5,0,0.3333333333333333,0.6666666666666666,0.5,1,2,0,1,36,36,6,0.0,11,11,0,1,D B C C C B,D F E A C B,Conflicting choices: more than one robot chose the same goal.
family-08-m3-r3,family-08,3,3,0,0.3333333333333333,0.3333333333333333,0.3333333333333333,1,1,0,1,53,53,6,0.0,13,13,0,1,D C C E E F,B A C E F D,Conflicting choices: more than one robot chose the same goal.
family-06-m4-r0,family-06,4,0,0,0.0,0.5,0.16666666666666666,0,1,0,1,43,43,8,0.0,15,15,0,1,B B C D E F,A B D C F E,Conflicting choices: more than one robot chose the same goal.
family-07-m3-r5,family-07,3,5,0,0.0,0.3333333333333333,0.16666666666666666,0,1,0,1,52,52,6,0.0,13,13,0,1,D C C D E B,E F B D C A,Conflicting choices: more than one robot chose the same goal.
family-02-m3-r1,family-02,3,1,0,0.3333333333333333,0.3333333333333333,0.3333333333333333,1,1,0,1,38,38,6,0.0,9,9,0,1,F F D D F F,E F B D C A,Conflicting choices: more than one robot chose the same goal.
family-06-m3-r5,family-06,3,5,0,0.0,0.0,0.0,0,0,0,1,43,43,6,0.0,15,15,0,1,C B C D E F,D C A F B E,Conflicting choices: more than one robot chose the same goal.
family-01-m4-r5,family-01,4,5,0,0.0,0.5,0.16666666666666666,0,1,0,1,48,48,8,0.0,15,15,0,1,D B C C B E,D F E B A C,Conflicting choices: more than one robot chose the same goal.
family-08-m4-r1,family-08,4,1,0,0.5,0.0,0.3333333333333333,2,0,0,1,53,53,8,0.0,19,19,0,1,D B C D E F,C B F D A E,Conflicting choices: more than one robot chose the same goal.
family-01-m4-r0,family-01,4,0,0,0.25,0.0,0.16666666666666666,1,0,0,1,48,48,8,0.0,15,15,0,1,C C C D E F,A F C B D E,Conflicting choices: more than one robot chose the same goal.
family-06-m3-r0,family-06,3,0,0,0.3333333333333333,0.3333333333333333,0.3333333333333333,1,1,0,1,43,43,6,0.0,15,15,0,1,C B C D E E,D B A C F E,Conflicting choices: more than one robot chose the same goal.
family-04-m3-r3,family-04,3,3,0,0.3333333333333333,0.3333333333333333,0.3333333333333333,1,1,0,1,43,43,6,0.0,11,11,0,1,D D C C D D,E D B C F A,Conflicting choices: more than one robot chose the same goal.
family-01-m2-r4,family-01,2,4,0,0.5,0.75,0.6666666666666666,1,3,0,1,48,48,4,0.0,15,15,0,1,C B B D E F,C E B D A F,Conflicting choices: more than one robot chose the same goal.
family-09-m4-r3,family-09,4,3,0,0.25,0.5,0.3333333333333333,1,1,0,1,29,29,8,0.0,7,7,0,1,D B C D D C,D E F B A C,Conflicting choices: more than one robot chose the same goal.
family-09-m2-r2,family-09,2,2,0,0.0,0.75,0.5,0,3,0,1,29,29,4,0.0,7,7,0,1,E C C D E E,E C B D A F,Conflicting choices: more than one robot chose the same goal.
family-04-m2-r0,family-04,2,0,0,0.0,1.0,0.6666666666666666,0,4,0,1,43,43,4,0.0,11,11,0,1,E C C B E F,E C D B A F,Conflicting choices: more than one robot chose the same goal.
family-07-m2-r4,family-07,2,4,0,0.0,0.5,0.3333333333333333,0,2,0,1,52,52,4,0.0,16,16,0,1,E D C D E C,E D F C A B,Conflicting choices: more than one robot chose the same goal.
family-10-m4-r5,family-10,4,5,0,0.0,0.0,0.0,0,0,0,1,36,36,8,0.0,11,11,0,1,D B B C D B,B F E A C D,Conflicting choices: more than one robot chose the same goal.
family-04-m4-r5,family-04,4,5,0,0.25,0.0,0.16666666666666666,1,0,0,1,43,43,8,0.0,11,11,0,1,F B C D D F,F E B C A D,Conflicting choices: more than one robot chose the same goal.
family-02-m3-r0,family-02,3,0,0,0.0,0.6666666666666666,0.3333333333333333,0,2,0,1,38,38,6,0.0,9,9,0,1,C D C D C E,F D E A C B,Conflicting choices: more than one robot chose the same goal.
family-02-m2-r3,family-02,2,3,0,0.0,0.5,0.3333333333333333,0,2,0,1,38,38,4,0.0,14,14,0,1,D B C D C F,D A E F C B,Conflicting choices: more than one robot chose the same goal.
family-11-m4-r3,family-11,4,3,0,0.0,0.0,0.0,0,0,0,1,52,52,8,0.0,14,14,0,1,B B C D E D,C A D E B F,Conflicting choices: more than one robot chose the same goal.
family-07-m3-r4,family-07,3,4,0,0.3333333333333333,0.3333333333333333,0.3333333333333333,1,1,0,1,52,52,6,0.0,13,13,0,1,D D C D C D,F D E A C B,Conflicting choices: more than one robot chose the same goal.
family-03-m2-r3,family-03,2,3,0,0.5,0.0,0.16666666666666666,1,0,0,1,50,50,8,0.0,15,15,0,1,E B C D E E,A C D B E F,Conflicting choices: more than one robot chose the same goal.
family-06-m2-r2,family-06,2,2,0,0.0,0.5,0.3333333333333333,0,2,0,1,43,43,4,0.0,15,15,0,1,C B C E B F,C E F A B D,Conflicting choices: more than one robot chose the same goal.
family-09-m2-r3,family-09,2,3,0,0.0,0.5,0.3333333333333333,0,2,0,1,29,29,4,0.0,7,7,0,1,D C C D E B,D C E B A F,Conflicting choices: more than one robot chose the same goal.
family-09-m4-r4,family-09,4,4,0,0.25,0.0,0.16666666666666666,1,0,0,1,29,29,8,0.0,7,7,0,1,B B C D E D,F A C B D E,Conflicting choices: more than one robot chose the same goal.
family-04-m3-r2,family-04,3,2,0,0.3333333333333333,0.6666666666666666,0.5,1,2,0,1,43,43,6,0.0,11,11,0,1,E D C D B C,F D C A B E,Conflicting choices: more than one robot chose the same goal.
family-05-m2-r0,family-05,2,0,0,0.5,0.25,0.3333333333333333,1,1,0,1,38,38,4,0.0,12,12,0,1,C C C D C F,A C E B D F,Conflicting choices: more than one robot chose the same goal.
family-08-m4-r4,family-08,4,4,0,0.25,0.0,0.16666666666666666,1,0,0,1,53,53,8,0.0,19,19,0,1,C E C D E E,A D B F E C,Conflicting choices: more than one robot chose the same goal.
family-02-m2-r4,family-02,2,4,0,0.0,0.5,0.3333333333333333,0,2,0,1,38,38,4,0.0,14,14,0,1,C C A D B F,B F A D C E,Conflicting choices: more than one robot chose the same goal.
family-04-m3-r1,family-04,3,1,0,0.0,0.3333333333333333,0.16666666666666666,0,1,0,1,43,43,6,0.0,11,11,0,1,B B C D D F,D E C B F A,Conflicting choices: more than one robot chose the same goal.
family-04-m2-r4,family-04,2,4,0,0.0,0.75,0.5,0,3,0,1,43,43,4,0.0,11,11,0,1,B D C D D F,E D C A B F,Conflicting choices: more than one robot chose the same goal.
family-12-m3-r0,family-12,3,0,0,0.3333333333333333,0.3333333333333333,0.3333333333333333,1,1,0,1,36,36,6,0.0,10,10,0,1,C F C D C E,E F D B C A,Conflicting choices: more than one robot chose the same goal.
family-05-m2-r3,family-05,2,3,0,0.5,0.25,0.3333333333333333,1,1,0,1,38,38,4,0.0,12,12,0,1,C B C D C C,E A C D F B,Conflicting choices: more than one robot chose the same goal.
family-10-m2-r3,family-10,2,3,0,0.0,0.25,0.16666666666666666,0,1,0,1,36,36,4,0.0,8,8,0,1,C B C C C F,B E F C D A,Conflicting choices: more than one robot chose the same goal.
family-06-m4-r2,family-06,4,2,0,0.0,0.5,0.16666666666666666,0,1,0,1,43,43,8,0.0,15,15,0,1,C B C E C F,F E B A C D,Conflicting choices: more than one robot chose the same goal.
family-03-m3-r3,family-03,3,3,0,0.3333333333333333,0.6666666666666666,0.5,1,2,0,1,50,50,12,0.0,15,15,0,1,D B C B E C,D C A B E F,Conflicting choices: more than one robot chose the same goal.
family-11-m4-r4,family-11,4,4,0,0.0,0.0,0.0,0,0,0,1,52,52,8,0.0,14,14,0,1,D D C D D C,B E F C A D,Conflicting choices: more than one robot chose the same goal.
family-03-m3-r5,family-03,3,5,0,0.0,0.0,0.0,0,0,0,1,50,50,12,0.0,15,15,0,1,D B C D E C,C D A B F E,Conflicting choices: more than one robot chose the same goal.
family-01-m2-r5,family-01,2,5,0,0.0,0.25,0.16666666666666666,0,1,0,1,48,48,4,0.0,15,15,0,1,B B C D B D,F C E B A D,Conflicting choices: more than one robot chose the same goal.
family-09-m3-r3,family-09,3,3,0,0.0,0.0,0.0,0,0,0,1,29,29,6,0.0,10,10,0,1,B B C C E F,F E D B A C,Conflicting choices: more than one robot chose the same goal.
family-05-m3-r2,family-05,3,2,0,0.3333333333333333,0.0,0.16666666666666666,1,0,0,1,38,38,6,0.0,15,15,0,1,D B C D E D,A D C B F E,Conflicting choices: more than one robot chose the same goal.
family-02-m2-r1,family-02,2,1,0,0.0,0.25,0.16666666666666666,0,1,0,1,38,38,4,0.0,14,14,0,1,B E C D E D,A F B E C D,Conflicting choices: more than one robot chose the same goal.
family-12-m3-r5,family-12,3,5,0,0.3333333333333333,0.3333333333333333,0.3333333333333333,1,1,0,1,36,36,6,0.0,10,10,0,1,F B C D E B,F D E C A B,Conflicting choices: more than one robot chose the same goal.
family-04-m3-r4,family-04,3,4,0,0.3333333333333333,0.3333333333333333,0.3333333333333333,1,1,0,1,43,43,6,0.0,11,11,0,1,B B C D B F,E C D A B F,Conflicting choices: more than one robot chose the same goal.
family-09-m4-r1,family-09,4,1,0,0.25,0.5,0.3333333333333333,1,1,0,1,29,29,8,0.0,7,7,0,1,B B C D D F,E A B C D F,Conflicting choices: more than one robot chose the same goal.
family-07-m3-r1,family-07,3,1,0,0.0,0.0,0.0,0,0,0,1,52,52,6,0.0,13,13,0,1,C B C D E C,D F E C A B,Conflicting choices: more than one robot chose the same goal.
family-10-m2-r0,family-10,2,0,0,0.0,0.25,0.16666666666666666,0,1,0,1,36,36,4,0.0,8,8,0,1,D B C D B F,F A D E B C,Conflicting choices: more than one robot chose the same goal.
family-12-m2-r4,family-12,2,4,0,0.5,0.25,0.3333333333333333,1,1,0,1,36,36,4,0.0,9,9,0,1,D B C D D C,B E C D A F,Conflicting choices: more than one robot chose the same goal.
family-02-m4-r1,family-02,4,1,0,0.0,0.5,0.16666666666666666,0,1,0,1,38,38,8,0.0,10,10,0,1,D E C D D F,D F B E C A,Conflicting choices: more than one robot chose the same goal.
family-12-m2-r5,family-12,2,5,0,0.0,0.5,0.3333333333333333,0,2,0,1,36,36,4,0.0,9,9,0,1,B B C B D C,F D E B A C,Conflicting choices: more than one robot chose the same goal.
family-11-m3-r0,family-11,3,0,0,0.3333333333333333,0.6666666666666666,0.5,1,2,0,1,52,52,6,0.0,15,15,0,1,D E C C E B,A E C F D B,Conflicting choices: more than one robot chose the same goal.
family-03-m2-r1,family-03,2,1,0,0.0,0.75,0.5,0,3,0,1,50,50,8,0.0,15,15,0,1,D B E D B F,C D E A B F,Conflicting choices: more than one robot chose the same goal.
family-08-m3-r1,family-08,3,1,0,0.3333333333333333,0.3333333333333333,0.3333333333333333,1,1,0,1,53,53,6,0.0,13,13,0,1,E B C D C C,D B F E A C,Conflicting choices: more than one robot chose the same goal.
family-04-m4-r0,family-04,4,0,0,0.0,0.5,0.16666666666666666,0,1,0,1,43,43,8,0.0,11,11,0,1,C D C D E F,F C D B E A,Conflicting choices: more than one robot chose the same goal.
family-09-m4-r2,family-09,4,2,0,0.25,0.0,0.16666666666666666,1,0,0,1,29,29,8,0.0,7,7,0,1,C B C D E F,B C D E A F,Conflicting choices: more than one robot chose the same goal.
family-08-m2-r3,family-08,2,3,0,0.0,0.75,0.5,0,3,0,1,53,53,4,0.0,14,14,0,1,C C C B E F,C F A B E D,Conflicting choices: more than one robot chose the same goal.
family-08-m2-r1,family-08,2,1,0,1.0,0.25,0.5,2,1,0,1,53,53,4,0.0,14,14,0,1,B B C D E C,C B A D E F,Conflicting choices: more than one robot chose the same goal.
family-06-m4-r5,family-06,4,5,0,0.25,0.0,0.16666666666666666,1,0,0,1,43,43,8,0.0,15,15,0,1,D B C D E F,D F A C B E,Conflicting choices: more than one robot chose the same goal.
family-02-m3-r4,family-02,3,4,0,0.0,0.0,0.0,0,0,0,1,38,38,6,0.0,9,9,0,1,B B C D E F,A F D B C E,Conflicting choices: more than one robot chose the same goal.
family-07-m4-r1,family-07,4,1,0,0.25,0.5,0.3333333333333333,1,1,0,1,52,52,8,0.0,16,16,0,1,F E C D D F,F A E C D B,Conflicting choices: more than one robot chose the same goal.
family-03-m3-r2,family-03,3,2,0,0.0,0.0,0.0,0,0,0,1,50,50,12,0.0,15,15,0,1,D B C D E F,E C B F A D,Conflicting choices: more than one robot chose the same goal.
family-07-m2-r3,family-07,2,3,0,0.0,0.25,0.16666666666666666,0,1,0,1,52,52,4,0.0,16,16,0,1,D B C D E B,A D C E B F,Conflicting choices: more than one robot chose the same goal.
family-09-m3-r2,family-09,3,2,0,0.0,0.3333333333333333,0.16666666666666666,0,1,0,1,29,29,6,0.0,10,10,0,1,B D C D E D,B E D C A F,Conflicting choices: more than one robot chose the same goal.
family-12-m3-r3,family-12,3,3,0,0.0,0.3333333333333333,0.16666666666666666,0,1,0,1,36,36,6,0.0,10,10,0,1,D B C B E D,E F D B C A,Conflicting choices: more than one robot chose the same goal.
family-06-m3-r1,family-06,3,1,0,0.0,0.3333333333333333,0.16666666666666666,0,1,0,1,43,43,6,0.0,15,15,0,1,C D C D D D,C B D A F E,Conflicting choices: more than one robot chose the same goal.
family-05-m2-r4,family-05,2,4,0,0.0,0.5,0.3333333333333333,0,2,0,1,38,38,4,0.0,12,12,0,1,B B C D C B,B D E A C F,Conflicting choices: more than one robot chose the same goal.
family-12-m3-r4,family-12,3,4,0,0.6666666666666666,0.6666666666666666,0.6666666666666666,2,2,0,1,36,36,6,0.0,10,10,0,1,C B C D B F,A E C D B F,Conflicting choices: more than one robot chose the same goal.
family-12-m4-r2,family-12,4,2,0,0.0,0.0,0.0,0,0,0,1,36,36,8,0.0,10,10,0,1,D B C D D F,F D B C A E,Conflicting choices: more than one robot chose the same goal.
family-05-m2-r5,family-05,2,5,0,0.0,0.75,0.5,0,3,0,1,38,38,4,0.0,12,12,0,1,B F B D E B,E F B D A C,Conflicting choices: more than one robot chose the same goal.
family-05-m3-r0,family-05,3,0,0,0.3333333333333333,0.6666666666666666,0.5,1,2,0,1,38,38,6,0.0,15,15,0,1,D C C D E F,D C E B A F,Conflicting choices: more than one robot chose the same goal.
family-07-m4-r3,family-07,4,3,0,0.0,0.5,0.16666666666666666,0,1,0,1,52,52,8,0.0,16,16,0,1,B B C D E B,A E F D B C,Conflicting choices: more than one robot chose the same goal.
family-06-m2-r3,family-06,2,3,0,0.0,0.5,0.3333333333333333,0,2,0,1,43,43,4,0.0,15,15,0,1,C B C D E D,F A B C E D,Conflicting choices: more than one robot chose the same goal.
family-08-m4-r5,family-08,4,5,0,0.0,0.0,0.0,0,0,0,1,53,53,8,0.0,19,19,0,1,D B B D E D,E C A F D B,Conflicting choices: more than one robot chose the same goal.
family-08-m3-r4,family-08,3,4,0,0.0,0.0,0.0,0,0,0,1,53,53,6,0.0,13,13,0,1,C C C D D E,B D F A E C,Conflicting choices: more than one robot chose the same goal.
family-09-m4-r0,family-09,4,0,0,0.0,0.5,0.16666666666666666,0,1,0,1,29,29,8,0.0,7,7,0,1,C B C B E C,E D F A B C,Conflicting choices: more than one robot chose the same goal.
family-02-m4-r0,family-02,4,0,0,0.0,0.5,0.16666666666666666,0,1,0,1,38,38,8,0.0,10,10,0,1,B C C C E E,F C E A D B,Conflicting choices: more than one robot chose the same goal.
family-11-m4-r0,family-11,4,0,0,0.0,0.0,0.0,0,0,0,1,52,52,8,0.0,14,14,0,1,D B B D E B,B E C F D A,Conflicting choices: more than one robot chose the same goal.
family-07-m3-r0,family-07,3,0,0,0.0,0.0,0.0,0,0,0,1,52,52,6,0.0,13,13,0,1,D B C B D C,A C E D B F,Conflicting choices: more than one robot chose the same goal.
family-05-m2-r1,family-05,2,1,0,0.5,0.25,0.3333333333333333,1,1,0,1,38,38,4,0.0,12,12,0,1,E B C E E C,D F C E A B,Conflicting choices: more than one robot chose the same goal.
family-07-m2-r0,family-07,2,0,0,0.0,0.75,0.5,0,3,0,1,52,52,4,0.0,16,16,0,1,E B C D C F,B E C D A F,Conflicting choices: more than one robot chose the same goal.
family-04-m2-r1,family-04,2,1,0,0.0,0.75,0.5,0,3,0,1,43,43,4,0.0,11,11,0,1,D B C D D F,D E C B A F,Conflicting choices: more than one robot chose the same goal.
family-02-m3-r3,family-02,3,3,0,0.0,0.6666666666666666,0.3333333333333333,0,2,0,1,38,38,6,0.0,9,9,0,1,E B B C A D,D F E C A B,Conflicting choices: more than one robot chose the same goal.
family-11-m4-r1,family-11,4,1,0,0.0,1.0,0.3333333333333333,0,2,0,1,52,52,8,0.0,14,14,0,1,D C C E E C,F D A E B C,Conflicting choices: more than one robot chose the same goal.
family-03-m4-r4,family-03,4,4,0,0.25,0.0,0.16666666666666666,1,0,0,1,50,50,16,0.0,13,13,0,1,E B C D E C,C B E F A D,Conflicting choices: more than one robot chose the same goal.
family-10-m3-r4,family-10,3,4,0,0.3333333333333333,0.3333333333333333,0.3333333333333333,1,1,0,1,36,36,6,0.0,11,11,0,1,C C C D B D,A C E D F B,Conflicting choices: more than one robot chose the same goal.
family-01-m4-r1,family-01,4,1,0,0.0,0.0,0.0,0,0,0,1,48,48,8,0.0,15,15,0,1,D B D D E F,A D C E F B,Conflicting choices: more than one robot chose the same goal.
family-09-m2-r0,family-09,2,0,0,0.0,0.25,0.16666666666666666,0,1,0,1,29,29,4,0.0,7,7,0,1,B E C C E F,E D C A F B,Conflicting choices: more than one robot chose the same goal.
family-10-m2-r4,family-10,2,4,0,0.0,0.25,0.16666666666666666,0,1,0,1,36,36,4,0.0,8,8,0,1,B C C D C C,F A D E B C,Conflicting choices: more than one robot chose the same goal.
family-04-m3-r0,family-04,3,0,0,0.0,0.6666666666666666,0.3333333333333333,0,2,0,1,43,43,6,0.0,11,11,0,1,E E C B E E,F C D B A E,Conflicting choices: more than one robot chose the same goal.
family-05-m3-r4,family-05,3,4,0,0.0,0.6666666666666666,0.3333333333333333,0,2,0,1,38,38,6,0.0,15,15,0,1,D B B D C B,E D B A C F,Conflicting choices: more than one robot chose the same goal.
family-12-m2-r3,family-12,2,3,0,0.0,0.25,0.16666666666666666,0,1,0,1,36,36,4,0.0,9,9,0,1,D B C D E F,E A D B C F,Conflicting choices: more than one robot chose the same goal.
family-10-m2-r2,family-10,2,2,0,0.0,0.5,0.3333333333333333,0,2,0,1,36,36,4,0.0,8,8,0,1,E B C D B C,F A D E B C,Conflicting choices: more than one robot chose the same goal.
family-08-m4-r3,family-08,4,3,0,0.0,1.0,0.3333333333333333,0,2,0,0,53,53,8,0.0,19,19,0,1,D C B A E F,B F C A E D,All robots kept their initial goals; no exchange occurred.
family-11-m3-r5,family-11,3,5,0,0.0,0.3333333333333333,0.16666666666666666,0,1,0,1,52,52,6,0.0,15,15,0,1,B B C D B C,A F D B E C,Conflicting choices: more than one robot chose the same goal.
family-05-m3-r5,family-05,3,5,0,0.0,1.0,0.5,0,3,0,1,38,38,6,0.0,15,15,0,1,D C B D E C,E C B D A F,Conflicting choices: more than one robot chose the same goal.
family-11-m2-r3,family-11,2,3,0,0.5,0.5,0.5,1,2,0,1,52,52,4,0.0,14,14,0,1,D B C D B E,C A F D B E,Conflicting choices: more than one robot chose the same goal.
family-12-m3-r2,family-12,3,2,0,0.0,0.0,0.0,0,0,0,1,36,36,6,0.0,10,10,0,1,D B C B D F,F D E C A B,Conflicting choices: more than one robot chose the same goal.
family-04-m4-r4,family-04,4,4,0,0.0,0.5,0.16666666666666666,0,1,0,1,43,43,8,0.0,11,11,0,1,C B C D E C,C E D A B F,Conflicting choices: more than one robot chose the same goal.
family-02-m2-r5,family-02,2,5,0,0.5,0.25,0.3333333333333333,1,1,0,1,38,38,4,0.0,14,14,0,1,D B C D C D,A B E D F C,Conflicting choices: more than one robot chose the same goal.
family-03-m2-r4,family-03,2,4,0,0.0,0.5,0.3333333333333333,0,2,0,1,50,50,8,0.0,15,15,0,1,C E C C E D,D E C F A B,Conflicting choices: more than one robot chose the same goal.
family-04-m2-r2,family-04,2,2,0,0.5,0.0,0.16666666666666666,1,0,0,1,43,43,4,0.0,11,11,0,1,C B C D E D,F D C B A E,Conflicting choices: more than one robot chose the same goal.
family-09-m3-r5,family-09,3,5,0,0.6666666666666666,0.0,0.3333333333333333,2,0,0,1,29,29,6,0.0,10,10,0,1,D D C D E D,F D C E B A,Conflicting choices: more than one robot chose the same goal.
family-05-m3-r1,family-05,3,1,0,0.0,0.3333333333333333,0.16666666666666666,0,1,0,1,38,38,6,0.0,15,15,0,1,C B B D C E,D F C B A E,Conflicting choices: more than one robot chose the same goal.
family-10-m4-r0,family-10,4,0,0,0.0,0.5,0.16666666666666666,0,1,0,1,36,36,8,0.0,11,11,0,1,C B C C E F,A F B D E C,Conflicting choices: more than one robot chose the same goal.
family-08-m3-r0,family-08,3,0,0,0.0,0.3333333333333333,0.16666666666666666,0,1,0,1,53,53,6,0.0,13,13,0,1,D B C D D C,B C A E D F,Conflicting choices: more than one robot chose the same goal.
family-09-m3-r4,family-09,3,4,0,0.3333333333333333,0.0,0.16666666666666666,1,0,0,1,29,29,6,0.0,10,10,0,1,C B C D E D,F E C B D A,Conflicting choices: more than one robot chose the same goal.
family-03-m2-r0,family-03,2,0,0,0.5,0.25,0.3333333333333333,1,1,0,1,50,50,8,0.0,15,15,0,1,F B B D E F,E B C D F A,Conflicting choices: more than one robot chose the same goal.
family-03-m4-r3,family-03,4,3,0,0.5,1.0,0.6666666666666666,2,2,0,1,50,50,16,0.0,13,13,0,1,C B C D E C,C B A D E F,Conflicting choices: more than one robot chose the same goal.
family-10-m3-r0,family-10,3,0,0,0.0,0.6666666666666666,0.3333333333333333,0,2,0,1,36,36,6,0.0,11,11,0,1,C B C C C E,A F B D C E,Conflicting choices: more than one robot chose the same goal.
family-03-m4-r2,family-03,4,2,0,0.0,1.0,0.3333333333333333,0,2,0,1,50,50,16,0.0,13,13,0,1,D B C D C E,E B A F C D,Conflicting choices: more than one robot chose the same goal.
family-04-m2-r5,family-04,2,5,0,0.5,0.25,0.3333333333333333,1,1,0,1,43,43,4,0.0,11,11,0,1,C B C D A F,E D B C A F,Conflicting choices: more than one robot chose the same goal.
family-04-m4-r2,family-04,4,2,0,0.0,0.0,0.0,0,0,0,1,43,43,8,0.0,11,11,0,1,E B C D E C,F D A C B E,Conflicting choices: more than one robot chose the same goal.
family-02-m4-r3,family-02,4,3,0,0.0,0.5,0.16666666666666666,0,1,0,1,38,38,8,0.0,10,10,0,1,E B B C E F,D A E C F B,Conflicting choices: more than one robot chose the same goal.
family-12-m2-r1,family-12,2,1,0,1.0,0.25,0.5,2,1,0,1,36,36,4,0.0,9,9,0,1,D B C D B F,A D C E B F,Conflicting choices: more than one robot chose the same goal.
family-07-m4-r2,family-07,4,2,0,0.0,0.5,0.16666666666666666,0,1,0,1,52,52,8,0.0,16,16,0,1,C D C D C D,B F D E C A,Conflicting choices: more than one robot chose the same goal.
family-07-m2-r2,family-07,2,2,0,0.0,0.75,0.5,0,3,0,1,52,52,4,0.0,16,16,0,1,E E C B E D,E F C B D A,Conflicting choices: more than one robot chose the same goal.
family-08-m3-r2,family-08,3,2,0,0.3333333333333333,0.0,0.16666666666666666,1,0,0,1,53,53,6,0.0,13,13,0,1,C B C D E C,C A F B D E,Conflicting choices: more than one robot chose the same goal.
family-11-m2-r4,family-11,2,4,0,0.0,0.25,0.16666666666666666,0,1,0,1,52,52,4,0.0,14,14,0,1,E C C D E D,B A E C F D,Conflicting choices: more than one robot chose the same goal.
family-02-m2-r2,family-02,2,2,0,0.0,1.0,0.6666666666666666,0,4,0,1,38,38,4,0.0,14,14,0,1,E C C D E B,A C F D E B,Conflicting choices: more than one robot chose the same goal.
family-01-m2-r0,family-01,2,0,0,0.5,0.5,0.5,1,2,0,1,48,48,4,0.0,15,15,0,1,D C C C E F,D F C B E A,Conflicting choices: more than one robot chose the same goal.
family-03-m3-r4,family-03,3,4,0,0.0,0.3333333333333333,0.16666666666666666,0,1,0,1,50,50,12,0.0,15,15,0,1,C D C A B F,D B C F A E,Conflicting choices: more than one robot chose the same goal.
family-04-m4-r3,family-04,4,3,0,0.0,0.0,0.0,0,0,0,1,43,43,8,0.0,11,11,0,1,D D C D D F,E B D C F A,Conflicting choices: more than one robot chose the same goal.
family-08-m2-r5,family-08,2,5,0,0.0,0.75,0.5,0,3,0,1,53,53,4,0.0,14,14,0,1,C D B D E F,C D A F E B,Conflicting choices: more than one robot chose the same goal.
family-05-m4-r3,family-05,4,3,0,0.25,0.0,0.16666666666666666,1,0,0,1,38,38,8,0.0,10,10,0,1,D B C D C C,E F C A D B,Conflicting choices: more than one robot chose the same goal.
family-06-m3-r3,family-06,3,3,0,0.0,0.6666666666666666,0.3333333333333333,0,2,0,1,43,43,6,0.0,15,15,0,1,B B C D E D,F C B A E D,Conflicting choices: more than one robot chose the same goal.
family-09-m3-r1,family-09,3,1,0,0.3333333333333333,0.0,0.16666666666666666,1,0,0,1,29,29,6,0.0,10,10,0,1,C B C D E F,E A D C B F,Conflicting choices: more than one robot chose the same goal.
family-12-m3-r1,family-12,3,1,0,0.0,0.3333333333333333,0.16666666666666666,0,1,0,1,36,36,6,0.0,10,10,0,1,C B B D E E,A E C D B F,Conflicting choices: more than one robot chose the same goal.
family-11-m2-r2,family-11,2,2,0,0.0,0.5,0.3333333333333333,0,2,0,1,52,52,4,0.0,14,14,0,1,E B C E E F,D B F E C A,Conflicting choices: more than one robot chose the same goal.
family-11-m4-r5,family-11,4,5,0,0.0,0.5,0.16666666666666666,0,1,0,1,52,52,8,0.0,14,14,0,1,D C C D D C,F A D B E C,Conflicting choices: more than one robot chose the same goal.
family-03-m3-r1,family-03,3,1,0,0.3333333333333333,0.3333333333333333,0.3333333333333333,1,1,0,1,50,50,12,0.0,15,15,0,1,D E C D E F,C D B A E F,Conflicting choices: more than one robot chose the same goal.
family-05-m4-r0,family-05,4,0,0,0.25,1.0,0.5,1,2,0,1,38,38,8,0.0,10,10,0,1,D B C D C F,D A E B C F,Conflicting choices: more than one robot chose the same goal.
family-12-m4-r3,family-12,4,3,0,0.0,0.0,0.0,0,0,0,1,36,36,8,0.0,10,10,0,1,D B C D E D,E C D B F A,Conflicting choices: more than one robot chose the same goal.
family-10-m3-r2,family-10,3,2,0,0.0,0.6666666666666666,0.3333333333333333,0,2,0,1,36,36,6,0.0,11,11,0,1,C B E D C D,D F E A C B,Conflicting choices: more than one robot chose the same goal.
family-08-m2-r4,family-08,2,4,0,0.5,0.5,0.5,1,2,0,1,53,53,4,0.0,14,14,0,1,E B C D E F,A B C F E D,Conflicting choices: more than one robot chose the same goal.
family-06-m3-r4,family-06,3,4,0,0.3333333333333333,0.0,0.16666666666666666,1,0,0,1,43,43,6,0.0,15,15,0,1,D B C D D D,D C B F E A,Conflicting choices: more than one robot chose the same goal.
family-01-m3-r0,family-01,3,0,0,0.3333333333333333,0.0,0.16666666666666666,1,0,0,1,48,48,6,0.0,14,14,0,1,C C C D E F,F A C B D E,Conflicting choices: more than one robot chose the same goal.
family-03-m4-r1,family-03,4,1,0,0.25,0.0,0.16666666666666666,1,0,0,1,50,50,16,0.0,13,13,0,1,D E C C E F,C D A F E B,Conflicting choices: more than one robot chose the same goal.
family-06-m4-r4,family-06,4,4,0,0.25,0.0,0.16666666666666666,1,0,0,1,43,43,8,0.0,15,15,0,1,D D C D D D,D C E F B A,Conflicting choices: more than one robot chose the same goal.
family-10-m4-r1,family-10,4,1,0,0.0,0.5,0.16666666666666666,0,1,0,1,36,36,8,0.0,11,11,0,1,D E C D C B,A C E F D B,Conflicting choices: more than one robot chose the same goal.
family-05-m4-r1,family-05,4,1,0,0.25,1.0,0.5,1,2,0,1,38,38,8,0.0,10,10,0,1,E B C D C E,B F C D A E,Conflicting choices: more than one robot chose the same goal.
family-04-m4-r1,family-04,4,1,0,0.0,0.5,0.16666666666666666,0,1,0,1,43,43,8,0.0,11,11,0,1,C B C D D D,D E C F B A,Conflicting choices: more than one robot chose the same goal.
family-12-m4-r1,family-12,4,1,0,0.5,0.0,0.3333333333333333,2,0,0,1,36,36,8,0.0,10,10,0,1,C D C D D F,D E C A B F,Conflicting choices: more than one robot chose the same goal.
family-08-m4-r0,family-08,4,0,0,0.25,1.0,0.5,1,2,0,1,53,53,8,0.0,19,19,0,1,D B C C E F,D B A E C F,Conflicting choices: more than one robot chose the same goal.
family-01-m4-r3,family-01,4,3,0,0.25,0.5,0.3333333333333333,1,1,0,1,48,48,8,0.0,15,15,0,1,B D C D E F,E A B D C F,Conflicting choices: more than one robot chose the same goal.
family-03-m4-r5,family-03,4,5,0,0.25,0.5,0.3333333333333333,1,1,0,1,50,50,16,0.0,13,13,0,1,C D C C E C,C F A B E D,Conflicting choices: more than one robot chose the same goal.
family-01-m2-r1,family-01,2,1,0,0.5,0.25,0.3333333333333333,1,1,0,1,48,48,4,0.0,15,15,0,1,E B C D B F,A D C F B E,Conflicting choices: more than one robot chose the same goal.
family-12-m2-r0,family-12,2,0,0,0.0,0.5,0.3333333333333333,0,2,0,1,36,36,4,0.0,9,9,0,1,F D C D D B,E F C B D A,Conflicting choices: more than one robot chose the same goal.
family-09-m2-r5,family-09,2,5,0,1.0,0.0,0.3333333333333333,2,0,0,1,29,29,4,0.0,7,7,0,1,D D C D E F,A D C B F E,Conflicting choices: more than one robot chose the same goal.
family-06-m2-r5,family-06,2,5,0,0.0,0.0,0.0,0,0,0,1,43,43,4,0.0,15,15,0,1,C B C D D F,D E A F B C,Conflicting choices: more than one robot chose the same goal.
family-03-m4-r0,family-03,4,0,0,0.5,0.0,0.3333333333333333,2,0,0,1,50,50,16,0.0,13,13,0,1,B B C D B F,A B C F E D,Conflicting choices: more than one robot chose the same goal.
family-03-m3-r0,family-03,3,0,0,0.6666666666666666,0.3333333333333333,0.5,2,1,0,1,50,50,12,0.0,15,15,0,1,E B C D E F,E B C A F D,Conflicting choices: more than one robot chose the same goal.
family-02-m4-r5,family-02,4,5,0,0.0,0.0,0.0,0,0,0,1,38,38,8,0.0,10,10,0,1,D B C C E F,A E B D F C,Conflicting choices: more than one robot chose the same goal.
family-06-m4-r1,family-06,4,1,0,0.0,0.5,0.16666666666666666,0,1,0,1,43,43,8,0.0,15,15,0,1,C D C D E D,C E D A F B,Conflicting choices: more than one robot chose the same goal.
family-11-m3-r3,family-11,3,3,0,0.0,0.6666666666666666,0.3333333333333333,0,2,0,1,52,52,6,0.0,15,15,0,1,B B E C B D,C A E D B F,Conflicting choices: more than one robot chose the same goal.
family-11-m3-r1,family-11,3,1,0,0.0,0.3333333333333333,0.16666666666666666,0,1,0,1,52,52,6,0.0,15,15,0,1,D B C D C F,F D A E C B,Conflicting choices: more than one robot chose the same goal.
family-01-m3-r3,family-01,3,3,0,0.3333333333333333,0.6666666666666666,0.5,1,2,0,1,48,48,6,0.0,14,14,0,1,E D C D D F,E A B C D F,Conflicting choices: more than one robot chose the same goal.
family-09-m2-r4,family-09,2,4,0,0.5,0.75,0.6666666666666666,1,3,0,1,29,29,4,0.0,7,7,0,1,D B C C A E,D F C B A E,Conflicting choices: more than one robot chose the same goal.
family-07-m2-r5,family-07,2,5,0,0.0,0.25,0.16666666666666666,0,1,0,1,52,52,4,0.0,16,16,0,1,C B C D C C,E A D B C F,Conflicting choices: more than one robot chose the same goal.
family-12-m4-r4,family-12,4,4,0,0.25,0.0,0.16666666666666666,1,0,0,1,36,36,8,0.0,10,10,0,1,C C C C C C,D E C A B F,Conflicting choices: more than one robot chose the same goal.
family-08-m4-r2,family-08,4,2,0,0.0,0.5,0.16666666666666666,0,1,0,1,53,53,8,0.0,19,19,0,1,F B B D F F,C A E B F D,Conflicting choices: more than one robot chose the same goal.
family-02-m4-r4,family-02,4,4,0,0.0,0.0,0.0,0,0,0,1,38,38,8,0.0,10,10,0,1,E C C D B F,B F D A C E,Conflicting choices: more than one robot chose the same goal.
family-11-m2-r0,family-11,2,0,0,0.0,1.0,0.6666666666666666,0,4,0,1,52,52,4,0.0,14,14,0,1,D E B F E C,A E B F D C,Conflicting choices: more than one robot chose the same goal.
family-01-m3-r1,family-01,3,1,0,0.0,0.3333333333333333,0.16666666666666666,0,1,0,1,48,48,6,0.0,14,14,0,1,C B C D E F,B D C E F A,Conflicting choices: more than one robot chose the same goal.
family-11-m3-r2,family-11,3,2,0,0.0,0.3333333333333333,0.16666666666666666,0,1,0,1,52,52,6,0.0,15,15,0,1,C C C D E C,E B F D C A,Conflicting choices: more than one robot chose the same goal.
family-12-m4-r5,family-12,4,5,0,0.0,1.0,0.3333333333333333,0,2,0,1,36,36,8,0.0,10,10,0,1,B B C C C E,F D B C A E,Conflicting choices: more than one robot chose the same goal.
family-10-m2-r1,family-10,2,1,0,0.0,0.25,0.16666666666666666,0,1,0,1,36,36,4,0.0,8,8,0,1,B D C D E B,B E F C D A,Conflicting choices: more than one robot chose the same goal.
family-03-m2-r2,family-03,2,2,0,0.0,0.0,0.0,0,0,0,1,50,50,8,0.0,15,15,0,1,D D C D E E,E F B C A D,Conflicting choices: more than one robot chose the same goal.
family-10-m4-r2,family-10,4,2,0,0.0,0.5,0.16666666666666666,0,1,0,1,36,36,8,0.0,11,11,0,1,C B C D C E,D F A E C B,Conflicting choices: more than one robot chose the same goal.
family-01-m3-r2,family-01,3,2,0,0.3333333333333333,0.6666666666666666,0.5,1,2,0,1,48,48,6,0.0,14,14,0,1,E D C D E C,E D F A B C,Conflicting choices: more than one robot chose the same goal.
family-06-m4-r3,family-06,4,3,0,0.0,1.0,0.3333333333333333,0,2,0,1,43,43,8,0.0,15,15,0,1,C B E D E B,F C B D E A,Conflicting choices: more than one robot chose the same goal.
family-04-m3-r5,family-04,3,5,0,0.3333333333333333,0.6666666666666666,0.5,1,2,0,1,43,43,6,0.0,11,11,0,1,C E C B A F,D E B C A F,Conflicting choices: more than one robot chose the same goal.
family-08-m2-r2,family-08,2,2,0,0.0,0.25,0.16666666666666666,0,1,0,1,53,53,4,0.0,14,14,0,1,B D C D E D,C B E F A D,Conflicting choices: more than one robot chose the same goal.
family-11-m2-r5,family-11,2,5,0,0.0,0.5,0.3333333333333333,0,2,0,1,52,52,4,0.0,14,14,0,1,B C C D E F,B F D A E C,Conflicting choices: more than one robot chose the same goal.
family-07-m4-r0,family-07,4,0,0,0.25,0.5,0.3333333333333333,1,1,0,1,52,52,8,0.0,16,16,0,1,C B C D D C,A E F D B C,Conflicting choices: more than one robot chose the same goal.
family-12-m4-r0,family-12,4,0,0,0.25,0.0,0.16666666666666666,1,0,0,1,36,36,8,0.0,10,10,0,1,E B C D E C,E C D B F A,Conflicting choices: more than one robot chose the same goal.
family-08-m3-r5,family-08,3,5,0,0.0,0.3333333333333333,0.16666666666666666,0,1,0,1,53,53,6,0.0,13,13,0,1,D D B D E F,E A B F D C,Conflicting choices: more than one robot chose the same goal.
family-05-m4-r2,family-05,4,2,0,0.25,0.0,0.16666666666666666,1,0,0,1,38,38,8,0.0,10,10,0,1,D D C D E D,A D E B F C,Conflicting choices: more than one robot chose the same goal.
family-11-m2-r1,family-11,2,1,0,0.0,0.25,0.16666666666666666,0,1,0,1,52,52,4,0.0,14,14,0,1,E C C D E F,F C A E D B,Conflicting choices: more than one robot chose the same goal.
family-01-m3-r5,family-01,3,5,0,0.3333333333333333,0.3333333333333333,0.3333333333333333,1,1,0,1,48,48,6,0.0,14,14,0,1,D B C C E C,D E F B A C,Conflicting choices: more than one robot chose the same goal.
family-02-m2-r0,family-02,2,0,0,0.0,0.5,0.3333333333333333,0,2,0,1,38,38,4,0.0,14,14,0,1,C C C D E B,C F E A D B,Conflicting choices: more than one robot chose the same goal.
family-07-m2-r1,family-07,2,1,0,0.0,0.0,0.0,0,0,0,1,52,52,4,0.0,16,16,0,1,B B C D E F,F D E B A C,Conflicting choices: more than one robot chose the same goal.
family-10-m2-r5,family-10,2,5,0,0.0,0.25,0.16666666666666666,0,1,0,1,36,36,4,0.0,8,8,0,1,C B C B D B,B E F C D A,Conflicting choices: more than one robot chose the same goal.
family-05-m2-r2,family-05,2,2,0,0.0,0.0,0.0,0,0,0,1,38,38,4,0.0,12,12,0,1,D B C D E F,A D F B C E,Conflicting choices: more than one robot chose the same goal.
family-02-m4-r2,family-02,4,2,0,0.25,1.0,0.5,1,2,0,1,38,38,8,0.0,10,10,0,1,C B C D B E,A C F D B E,Conflicting choices: more than one robot chose the same goal.
family-01-m2-r3,family-01,2,3,0,0.0,0.25,0.16666666666666666,0,1,0,1,48,48,4,0.0,15,15,0,1,D E C D C E,E B D A C F,Conflicting choices: more than one robot chose the same goal.
family-06-m2-r0,family-06,2,0,0,0.0,0.25,0.16666666666666666,0,1,0,1,43,43,4,0.0,15,15,0,1,B B C D E C,F B A C D E,Conflicting choices: more than one robot chose the same goal.
family-06-m2-r4,family-06,2,4,0,0.0,0.0,0.0,0,0,0,1,43,43,4,0.0,15,15,0,1,D B C D D D,B C D F E A,Conflicting choices: more than one robot chose the same goal.
family-01-m3-r4,family-01,3,4,0,0.0,0.3333333333333333,0.16666666666666666,0,1,0,1,48,48,6,0.0,14,14,0,1,D B C D E F,B C D E A F,Conflicting choices: more than one robot chose the same goal.
family-01-m4-r4,family-01,4,4,0,0.5,0.0,0.3333333333333333,2,0,0,1,48,48,8,0.0,15,15,0,1,D D C D E F,B C E D A F,Conflicting choices: more than one robot chose the same goal.
family-07-m4-r4,family-07,4,4,0,0.25,0.0,0.16666666666666666,1,0,0,1,52,52,8,0.0,16,16,0,1,D D C D D F,F A E C D B,Conflicting choices: more than one robot chose the same goal.
family-01-m2-r2,family-01,2,2,0,0.0,0.25,0.16666666666666666,0,1,0,1,48,48,4,0.0,15,15,0,1,D B C C E F,E D A C F B,Conflicting choices: more than one robot chose the same goal.
family-02-m3-r2,family-02,3,2,0,0.3333333333333333,0.0,0.16666666666666666,1,0,0,1,38,38,6,0.0,9,9,0,1,C B C D E C,A C E D B F,Conflicting choices: more than one robot chose the same goal.
family-05-m4-r4,family-05,4,4,0,0.0,0.5,0.16666666666666666,0,1,0,1,38,38,8,0.0,10,10,0,1,B B B C D B,A D B E C F,Conflicting choices: more than one robot chose the same goal.
family-10-m4-r4,family-10,4,4,0,0.25,0.0,0.16666666666666666,1,0,0,1,36,36,8,0.0,11,11,0,1,B B C D B D,C A E D F B,Conflicting choices: more than one robot chose the same goal.
family-07-m4-r5,family-07,4,5,0,0.0,0.5,0.16666666666666666,0,1,0,1,52,52,8,0.0,16,16,0,1,B C C D D E,B F D E C A,Conflicting choices: more than one robot chose the same goal.
family-10-m3-r1,family-10,3,1,0,0.0,0.6666666666666666,0.3333333333333333,0,2,0,1,36,36,6,0.0,11,11,0,1,B E D D E B,A C E D F B,Conflicting choices: more than one robot chose the same goal.
family-09-m3-r0,family-09,3,0,0,0.0,0.3333333333333333,0.16666666666666666,0,1,0,1,29,29,6,0.0,10,10,0,1,B B C C E C,E D F C B A,Conflicting choices: more than one robot chose the same goal.
family-07-m3-r3,family-07,3,3,0,0.3333333333333333,0.6666666666666666,0.5,1,2,0,1,52,52,6,0.0,13,13,0,1,E B C D E B,A E C D F B,Conflicting choices: more than one robot chose the same goal.
family-07-m3-r2,family-07,3,2,0,0.0,0.6666666666666666,0.3333333333333333,0,2,0,1,52,52,6,0.0,13,13,0,1,E D C D C E,A F D B C E,Conflicting choices: more than one robot chose the same goal.
family-06-m2-r1,family-06,2,1,0,0.0,0.25,0.16666666666666666,0,1,0,1,43,43,4,0.0,15,15,0,1,C D C D D C,C B D E F A,Conflicting choices: more than one robot chose the same goal.
family-02-m3-r5,family-02,3,5,0,0.3333333333333333,0.6666666666666666,0.5,1,2,0,1,38,38,6,0.0,9,9,0,1,D E C D E F,A E C D F B,Conflicting choices: more than one robot chose the same goal.
family-09-m2-r1,family-09,2,1,0,0.5,0.5,0.5,1,2,0,1,29,29,4,0.0,7,7,0,1,E D C D C E,E D B A C F,Conflicting choices: more than one robot chose the same goal.
family-05-m4-r5,family-05,4,5,0,0.25,0.5,0.3333333333333333,1,1,0,1,38,38,8,0.0,10,10,0,1,C C D D D F,E C F D A B,Conflicting choices: more than one robot chose the same goal.
family-06-m3-r2,family-06,3,2,0,0.0,0.3333333333333333,0.16666666666666666,0,1,0,1,43,43,6,0.0,15,15,0,1,C B C E E F,C E B A F D,Conflicting choices: more than one robot chose the same goal.
family-11-m4-r2,family-11,4,2,0,0.25,0.0,0.16666666666666666,1,0,0,1,52,52,8,0.0,14,14,0,1,C B C D E E,E B F C D A,Conflicting choices: more than one robot chose the same goal.
family-08-m2-r0,family-08,2,0,0,0.0,0.5,0.3333333333333333,0,2,0,1,53,53,4,0.0,14,14,0,1,C B C D A D,E B A F C D,Conflicting choices: more than one robot chose the same goal.
family-09-m4-r5,family-09,4,5,0,0.25,0.0,0.16666666666666666,1,0,0,1,29,29,8,0.0,7,7,0,1,D C C D D F,B D C E F A,Conflicting choices: more than one robot chose the same goal.
family-05-m3-r3,family-05,3,3,0,0.3333333333333333,0.0,0.16666666666666666,1,0,0,1,38,38,6,0.0,15,15,0,1,D C C D E F,E D C A F B,Conflicting choices: more than one robot chose the same goal.
family-12-m2-r2,family-12,2,2,0,0.0,0.25,0.16666666666666666,0,1,0,1,36,36,4,0.0,9,9,0,1,E B C D E D,E D F C A B,Conflicting choices: more than one robot chose the same goal.
