trial,family,m,success,invalidResponses,truncatedResponses,duplicateGoals,participantAccuracy,allAgentAccuracy,choices,target,reason
family-06-m4-r0,family-06,4,0,0,0,0,0.0,0.3333333333333333,A B C D E F,A B D C F E,At least one participating robot would not strictly benefit. The exchange was cancelled.
family-01-m4-r0,family-01,4,0,0,0,0,0.25,0.3333333333333333,B A C D F E,A F C B D E,At least one participating robot would not strictly benefit. The exchange was cancelled.
family-06-m3-r0,family-06,3,0,0,0,0,0.0,0.16666666666666666,A B C D E F,D B A C F E,At least one participating robot would not strictly benefit. The exchange was cancelled.
family-04-m2-r0,family-04,2,0,0,0,0,0.0,0.6666666666666666,E C A B D F,E C D B A F,All robots kept their initial goals; no exchange occurred.
family-02-m3-r0,family-02,3,0,0,0,0,0.0,0.16666666666666666,F B C D E A,F D E A C B,At least one participating robot would not strictly benefit. The exchange was cancelled.
family-05-m2-r0,family-05,2,0,0,0,0,0.5,0.3333333333333333,A B C D E F,A C E B D F,At least one participating robot would not strictly benefit. The exchange was cancelled.
family-12-m3-r0,family-12,3,0,0,0,0,0.3333333333333333,0.6666666666666666,E F D A C B,E F D B C A,At least one participating robot would not strictly benefit. The exchange was cancelled.
family-10-m2-r0,family-10,2,0,0,0,0,0.0,0.0,A B C D E F,F A D E B C,At least one participating robot would not strictly benefit. The exchange was cancelled.
family-11-m3-r0,family-11,3,0,0,0,0,0.0,0.5,F E A C D B,A E C F D B,All robots kept their initial goals; no exchange occurred.
family-04-m4-r0,family-04,4,0,0,0,0,0.0,0.3333333333333333,C A F B E D,F C D B E A,All robots kept their initial goals; no exchange occurred.
family-05-m3-r0,family-05,3,0,0,0,0,0.0,0.5,D C E A F B,D C E B A F,All robots kept their initial goals; no exchange occurred.
family-09-m4-r0,family-09,4,0,0,0,0,0.0,0.0,A B C D E F,E D F A B C,At least one participating robot would not strictly benefit. The exchange was cancelled.
family-02-m4-r0,family-02,4,0,0,0,0,0.0,0.3333333333333333,F C D B E A,F C E A D B,At least one participating robot would not strictly benefit. The exchange was cancelled.
family-11-m4-r0,family-11,4,0,0,0,0,0.25,0.16666666666666666,A B C D E F,B E C F D A,At least one participating robot would not strictly benefit. The exchange was cancelled.
family-07-m3-r0,family-07,3,0,0,0,0,0.6666666666666666,0.5,A B C D E F,A C E D B F,At least one participating robot would not strictly benefit. The exchange was cancelled.
family-07-m2-r0,family-07,2,0,0,0,0,0.0,0.6666666666666666,E B C D A F,B E C D A F,All robots kept their initial goals; no exchange occurred.
family-09-m2-r0,family-09,2,0,0,0,0,0.0,0.16666666666666666,A B C D E F,E D C A F B,At least one participating robot would not strictly benefit. The exchange was cancelled.
family-04-m3-r0,family-04,3,0,0,0,0,0.0,0.3333333333333333,F A C B E D,F C D B A E,At least one participating robot would not strictly benefit. The exchange was cancelled.
family-10-m4-r0,family-10,4,0,0,0,0,0.25,0.5,A B C D E F,A F B D E C,At least one participating robot would not strictly benefit. The exchange was cancelled.
family-08-m3-r0,family-08,3,0,0,0,0,0.3333333333333333,0.16666666666666666,A B C D E F,B C A E D F,At least one participating robot would not strictly benefit. The exchange was cancelled.
family-03-m2-r0,family-03,2,1,0,0,0,1.0,1.0,E B C D F A,E B C D F A,All 2 participating robots strictly benefit.
family-10-m3-r0,family-10,3,0,0,0,0,0.3333333333333333,0.3333333333333333,A B C D E F,A F B D C E,At least one participating robot would not strictly benefit. The exchange was cancelled.
family-01-m2-r0,family-01,2,0,0,0,0,0.5,0.5,F B C D E A,D F C B E A,At least one participating robot would not strictly benefit. The exchange was cancelled.
family-05-m4-r0,family-05,4,0,0,0,0,0.25,0.3333333333333333,D B C E A F,D A E B C F,At least one participating robot would not strictly benefit. The exchange was cancelled.
family-01-m3-r0,family-01,3,0,0,0,0,0.3333333333333333,0.3333333333333333,B A C D E F,F A C B D E,At least one participating robot would not strictly benefit. The exchange was cancelled.
family-08-m4-r0,family-08,4,0,0,0,0,0.0,0.3333333333333333,D B C A F E,D B A E C F,All robots kept their initial goals; no exchange occurred.
family-12-m2-r0,family-12,2,0,0,0,0,0.0,0.16666666666666666,B A C D E F,E F C B D A,At least one participating robot would not strictly benefit. The exchange was cancelled.
family-03-m4-r0,family-03,4,0,0,0,0,0.75,0.6666666666666666,A B C D E F,A B C F E D,At least one participating robot would not strictly benefit. The exchange was cancelled.
family-03-m3-r0,family-03,3,0,0,0,0,0.6666666666666666,0.5,E B C D A F,E B C A F D,At least one participating robot would not strictly benefit. The exchange was cancelled.
family-11-m2-r0,family-11,2,0,0,0,0,0.5,0.16666666666666666,A B C D E F,A E B F D C,At least one participating robot would not strictly benefit. The exchange was cancelled.
family-07-m4-r0,family-07,4,0,0,0,0,0.25,0.3333333333333333,A B C D E F,A E F D B C,At least one participating robot would not strictly benefit. The exchange was cancelled.
family-12-m4-r0,family-12,4,0,0,0,0,0.25,0.3333333333333333,B C D E A F,E C D B F A,At least one participating robot would not strictly benefit. The exchange was cancelled.
family-02-m2-r0,family-02,2,0,0,0,0,0.0,0.3333333333333333,C B D A E F,C F E A D B,At least one participating robot would not strictly benefit. The exchange was cancelled.
family-06-m2-r0,family-06,2,0,0,0,0,0.0,0.16666666666666666,A B C D E F,F B A C D E,At least one participating robot would not strictly benefit. The exchange was cancelled.
family-09-m3-r0,family-09,3,0,0,0,0,0.0,0.0,A B C D E F,E D F C B A,At least one participating robot would not strictly benefit. The exchange was cancelled.
family-08-m2-r0,family-08,2,0,0,0,0,0.0,0.3333333333333333,E B C D A F,E B A F C D,At least one participating robot would not strictly benefit. The exchange was cancelled.
