trial,family,m,rotation,success,participantAccuracy,nonparticipantAccuracy,allAgentAccuracy,selfCostCompliance,correctParticipants,correctNonparticipants,invalidResponses,truncatedResponses,duplicateGoals,initialTotal,afterTotal,possibleSaving,realizedSavingFraction,beforeMakespan,afterMakespan,greedySuccess,oracleSuccess,choices,target,reason
family-06-m4-r0,family-06,4,0,0,0.5,0.5,0.5,0.8333333333333334,2,1,0,0,1,43,43,8,0.0,15,15,0,1,A D C C D E,A B D C F E,Conflicting choices: more than one robot chose the same goal.
family-01-m4-r0,family-01,4,0,0,0.25,0.0,0.16666666666666666,0.6666666666666666,1,0,2,2,0,48,48,8,0.0,15,15,0,1,? B C C ? F,A F C B D E,Every robot must choose one valid goal.
family-06-m3-r0,family-06,3,0,0,0.3333333333333333,0.6666666666666666,0.5,0.6666666666666666,1,2,2,2,0,43,43,6,0.0,15,15,0,1,? B A C ? C,D B A C F E,Every robot must choose one valid goal.
family-04-m2-r0,family-04,2,0,0,0.5,0.25,0.3333333333333333,0.6666666666666666,1,1,2,2,0,43,43,4,0.0,11,11,0,1,F C A ? A ?,E C D B A F,Every robot must choose one valid goal.
family-02-m3-r0,family-02,3,0,0,0.3333333333333333,0.0,0.16666666666666666,0.6666666666666666,1,0,1,1,0,38,38,6,0.0,9,9,0,1,C A ? A D E,F D E A C B,Every robot must choose one valid goal.
family-05-m2-r0,family-05,2,0,0,0.0,0.75,0.5,0.6666666666666666,0,3,2,2,0,38,38,4,0.0,12,12,0,1,A C E ? C ?,A C E B D F,Every robot must choose one valid goal.
family-12-m3-r0,family-12,3,0,0,0.6666666666666666,1.0,0.8333333333333334,0.8333333333333334,2,3,1,1,0,36,36,6,0.0,10,10,0,1,E F D ? C A,E F D B C A,Every robot must choose one valid goal.
family-10-m2-r0,family-10,2,0,0,0.0,0.5,0.3333333333333333,0.3333333333333333,0,2,3,3,0,36,36,4,0.0,8,8,0,1,F ? ? E C ?,F A D E B C,Every robot must choose one valid goal.
family-11-m3-r0,family-11,3,0,0,0.3333333333333333,0.6666666666666666,0.5,0.6666666666666666,1,2,2,2,0,52,52,6,0.0,15,15,0,1,A E D ? D ?,A E C F D B,Every robot must choose one valid goal.
family-04-m4-r0,family-04,4,0,0,1.0,0.5,0.8333333333333334,1.0,4,1,0,0,1,43,43,8,0.0,11,11,0,1,F C D C E A,F C D B E A,Conflicting choices: more than one robot chose the same goal.
family-05-m3-r0,family-05,3,0,0,0.3333333333333333,1.0,0.6666666666666666,0.8333333333333334,1,3,1,1,0,38,38,6,0.0,15,15,0,1,D C E B F ?,D C E B A F,Every robot must choose one valid goal.
family-09-m4-r0,family-09,4,0,0,0.75,1.0,0.8333333333333334,0.8333333333333334,3,2,0,0,1,29,29,8,0.0,7,7,0,1,E C F A B C,E D F A B C,Conflicting choices: more than one robot chose the same goal.
family-02-m4-r0,family-02,4,0,0,0.0,0.5,0.16666666666666666,0.3333333333333333,0,1,4,4,0,38,38,8,0.0,10,10,0,1,F ? ? ? ? E,F C E A D B,Every robot must choose one valid goal.
family-11-m4-r0,family-11,4,0,0,0.5,0.5,0.5,0.6666666666666666,2,1,2,2,0,52,52,8,0.0,14,14,0,1,? C C ? D A,B E C F D A,Every robot must choose one valid goal.
family-07-m3-r0,family-07,3,0,0,1.0,0.3333333333333333,0.6666666666666666,0.6666666666666666,3,1,2,2,0,52,52,6,0.0,13,13,0,1,A ? ? D B F,A C E D B F,Every robot must choose one valid goal.
family-07-m2-r0,family-07,2,0,0,0.0,0.75,0.5,0.6666666666666666,0,3,2,2,0,52,52,4,0.0,16,16,0,1,? B C ? A F,B E C D A F,Every robot must choose one valid goal.
family-09-m2-r0,family-09,2,0,0,0.0,0.25,0.16666666666666666,0.6666666666666666,0,1,1,1,0,29,29,4,0.0,7,7,0,1,? E E A B C,E D C A F B,Every robot must choose one valid goal.
family-04-m3-r0,family-04,3,0,0,0.0,0.3333333333333333,0.16666666666666666,0.3333333333333333,0,1,3,3,0,43,43,6,0.0,11,11,0,1,F ? B ? ? D,F C D B A E,Every robot must choose one valid goal.
family-10-m4-r0,family-10,4,0,0,0.25,1.0,0.5,0.8333333333333334,1,2,1,1,0,36,36,8,0.0,11,11,0,1,A ? D E E C,A F B D E C,Every robot must choose one valid goal.
family-08-m3-r0,family-08,3,0,0,0.6666666666666666,0.3333333333333333,0.5,0.8333333333333334,2,1,1,1,0,53,53,6,0.0,13,13,0,1,A ? A A D F,B C A E D F,Every robot must choose one valid goal.
family-03-m2-r0,family-03,2,0,0,1.0,0.5,0.6666666666666666,0.6666666666666666,2,2,2,2,0,50,50,8,0.0,15,15,0,1,E B C ? F ?,E B C D F A,Every robot must choose one valid goal.
family-10-m3-r0,family-10,3,0,0,0.3333333333333333,0.6666666666666666,0.5,0.8333333333333334,1,2,0,0,1,36,36,6,0.0,11,11,0,1,A B D D C B,A F B D C E,Conflicting choices: more than one robot chose the same goal.
family-01-m2-r0,family-01,2,0,0,0.5,0.25,0.3333333333333333,0.5,1,1,2,2,0,48,48,4,0.0,15,15,0,1,? D B B ? A,D F C B E A,Every robot must choose one valid goal.
family-05-m4-r0,family-05,4,0,0,0.5,0.5,0.5,0.5,2,1,3,3,0,38,38,8,0.0,10,10,0,1,D ? E B ? ?,D A E B C F,Every robot must choose one valid goal.
family-01-m3-r0,family-01,3,0,0,0.6666666666666666,0.6666666666666666,0.6666666666666666,0.8333333333333334,2,2,1,1,0,48,48,6,0.0,14,14,0,1,? A C B D F,F A C B D E,Every robot must choose one valid goal.
family-08-m4-r0,family-08,4,0,0,0.5,0.5,0.5,0.6666666666666666,2,1,2,2,0,53,53,8,0.0,19,19,0,1,? B C ? C F,D B A E C F,Every robot must choose one valid goal.
family-12-m2-r0,family-12,2,0,0,0.5,0.5,0.5,0.8333333333333334,1,2,1,1,0,36,36,4,0.0,9,9,0,1,? C A B D A,E F C B D A,Every robot must choose one valid goal.
family-03-m4-r0,family-03,4,0,0,0.0,0.5,0.16666666666666666,0.3333333333333333,0,1,3,3,0,50,50,16,0.0,13,13,0,1,E ? ? F D ?,A B C F E D,Every robot must choose one valid goal.
family-03-m3-r0,family-03,3,0,0,0.3333333333333333,0.6666666666666666,0.5,1.0,1,2,0,0,1,50,50,12,0.0,15,15,0,1,E C C F F B,E B C A F D,Conflicting choices: more than one robot chose the same goal.
family-11-m2-r0,family-11,2,0,0,0.0,0.75,0.5,0.6666666666666666,0,3,2,2,0,52,52,4,0.0,14,14,0,1,F E ? F ? C,A E B F D C,Every robot must choose one valid goal.
family-07-m4-r0,family-07,4,0,0,0.0,0.5,0.16666666666666666,0.5,0,1,2,2,0,52,52,8,0.0,16,16,0,1,A B C ? ? F,A E F D B C,Every robot must choose one valid goal.
family-12-m4-r0,family-12,4,0,0,0.5,1.0,0.6666666666666666,0.6666666666666666,2,2,1,1,0,36,36,8,0.0,10,10,0,1,A C D B F ?,E C D B F A,Every robot must choose one valid goal.
family-02-m2-r0,family-02,2,0,0,1.0,0.5,0.6666666666666666,0.8333333333333334,2,2,0,0,1,38,38,4,0.0,14,14,0,1,C E E A D E,C F E A D B,Conflicting choices: more than one robot chose the same goal.
family-06-m2-r0,family-06,2,0,0,0.0,0.25,0.16666666666666666,0.5,0,1,2,2,0,43,43,4,0.0,15,15,0,1,A B D E ? ?,F B A C D E,Every robot must choose one valid goal.
family-09-m3-r0,family-09,3,0,0,0.3333333333333333,0.3333333333333333,0.3333333333333333,0.6666666666666666,1,1,1,1,0,29,29,6,0.0,10,10,0,1,D B F ? B B,E D F C B A,Every robot must choose one valid goal.
family-08-m2-r0,family-08,2,0,0,0.5,0.0,0.16666666666666666,0.6666666666666666,1,0,2,2,0,53,53,4,0.0,14,14,0,1,? A C E C ?,E B A F C D,Every robot must choose one valid goal.
