family,m,initialTotal,meanParticipantGain,cheaperChoices,beneficialAssignments,initialMakespan,participantGains,initialCosts,cheaperChoicesPerRobot
family-01,2,48,2,13,1,15,"[1, 3]","[1, 4, 5, 9, 14, 15]","[0, 1, 1, 3, 4, 4]"
family-01,3,48,2,13,1,14,"[1, 1, 4]","[2, 4, 6, 8, 14, 14]","[0, 1, 1, 2, 4, 5]"
family-01,4,48,2,13,1,15,"[1, 1, 3, 3]","[4, 4, 5, 6, 14, 15]","[1, 1, 1, 1, 4, 5]"
family-02,2,38,2,8,1,14,"[1, 3]","[2, 4, 5, 6, 7, 14]","[0, 0, 0, 1, 2, 5]"
family-02,3,38,2,8,1,9,"[1, 2, 3]","[2, 5, 7, 7, 8, 9]","[0, 1, 1, 1, 2, 3]"
family-02,4,38,2,8,1,10,"[1, 2, 2, 3]","[2, 5, 5, 7, 9, 10]","[0, 1, 1, 1, 1, 4]"
family-03,2,50,4,7,1,15,"[2, 6]","[5, 6, 7, 7, 10, 15]","[0, 1, 1, 1, 2, 2]"
family-03,3,50,4,7,1,15,"[2, 4, 6]","[5, 6, 7, 7, 10, 15]","[0, 1, 1, 1, 2, 2]"
family-03,4,50,4,7,1,13,"[2, 3, 5, 6]","[6, 6, 6, 7, 12, 13]","[0, 1, 1, 1, 2, 2]"
family-04,2,43,2,8,1,11,"[2, 2]","[3, 6, 6, 7, 10, 11]","[0, 1, 1, 1, 2, 3]"
family-04,3,43,2,8,1,11,"[2, 2, 2]","[1, 6, 7, 8, 10, 11]","[0, 1, 1, 1, 2, 3]"
family-04,4,43,2,8,1,11,"[2, 2, 2, 2]","[3, 5, 6, 8, 10, 11]","[1, 1, 1, 1, 1, 3]"
family-05,2,38,2,8,1,12,"[1, 3]","[2, 3, 4, 6, 11, 12]","[0, 0, 1, 1, 2, 4]"
family-05,3,38,2,8,1,15,"[1, 1, 4]","[2, 3, 4, 4, 10, 15]","[0, 0, 0, 1, 3, 4]"
family-05,4,38,2,8,1,10,"[1, 1, 3, 3]","[4, 4, 5, 7, 8, 10]","[0, 0, 1, 1, 3, 3]"
family-06,2,43,2,10,1,15,"[1, 3]","[3, 5, 6, 7, 7, 15]","[0, 1, 1, 1, 2, 5]"
family-06,3,43,2,10,1,15,"[1, 2, 3]","[3, 5, 5, 7, 8, 15]","[0, 1, 1, 1, 2, 5]"
family-06,4,43,2,10,1,15,"[1, 2, 2, 3]","[4, 5, 5, 7, 7, 15]","[0, 1, 1, 1, 2, 5]"
family-07,2,52,2,11,1,16,"[2, 2]","[3, 7, 7, 9, 10, 16]","[0, 0, 1, 1, 4, 5]"
family-07,3,52,2,11,1,13,"[2, 2, 2]","[4, 6, 9, 9, 11, 13]","[0, 1, 2, 2, 2, 4]"
family-07,4,52,2,11,1,16,"[2, 2, 2, 2]","[3, 6, 7, 9, 11, 16]","[0, 1, 1, 2, 2, 5]"
family-08,2,53,2,10,1,14,"[2, 2]","[6, 7, 7, 9, 10, 14]","[1, 1, 1, 2, 2, 3]"
family-08,3,53,2,10,1,13,"[2, 2, 2]","[5, 6, 6, 11, 12, 13]","[1, 1, 1, 1, 2, 4]"
family-08,4,53,2,10,1,19,"[2, 2, 2, 2]","[5, 6, 6, 7, 10, 19]","[1, 1, 1, 1, 1, 5]"
family-09,2,29,2,7,1,7,"[1, 3]","[2, 4, 5, 5, 6, 7]","[0, 0, 1, 1, 2, 3]"
family-09,3,29,2,7,1,10,"[1, 2, 3]","[2, 2, 4, 5, 6, 10]","[0, 0, 1, 1, 2, 3]"
family-09,4,29,2,7,1,7,"[1, 2, 2, 3]","[2, 4, 5, 5, 6, 7]","[0, 1, 1, 1, 2, 2]"
family-10,2,36,2,7,1,8,"[1, 3]","[4, 4, 6, 7, 7, 8]","[0, 0, 0, 1, 3, 3]"
family-10,3,36,2,7,1,11,"[1, 2, 3]","[2, 3, 6, 7, 7, 11]","[0, 0, 1, 2, 2, 2]"
family-10,4,36,2,7,1,11,"[1, 2, 2, 3]","[2, 3, 6, 7, 7, 11]","[0, 0, 1, 2, 2, 2]"
family-11,2,52,2,10,1,14,"[1, 3]","[5, 6, 7, 9, 11, 14]","[0, 0, 1, 2, 3, 4]"
family-11,3,52,2,10,1,15,"[1, 1, 4]","[5, 5, 7, 9, 11, 15]","[0, 0, 1, 2, 2, 5]"
family-11,4,52,2,10,1,14,"[1, 1, 3, 3]","[5, 6, 7, 10, 10, 14]","[0, 1, 1, 1, 2, 5]"
family-12,2,36,2,7,1,9,"[1, 3]","[3, 4, 5, 7, 8, 9]","[0, 1, 1, 1, 2, 2]"
family-12,3,36,2,7,1,10,"[2, 2, 2]","[2, 3, 6, 7, 8, 10]","[0, 0, 1, 1, 2, 3]"
family-12,4,36,2,7,1,10,"[1, 2, 2, 3]","[3, 3, 6, 6, 8, 10]","[0, 1, 1, 1, 2, 2]"
