trial,family,m,success,invalidResponses,duplicateGoals,participantAccuracy,allAgentAccuracy,choices,target,reason
family-06-m4-r0,family-06,4,0,0,0,0.5,0.3333333333333333,B C D E F A,A B D C F E,At least one participating robot would not strictly benefit. The exchange was cancelled.
family-01-m4-r0,family-01,4,0,0,0,0.0,0.0,C D E F A B,A F C B D E,At least one participating robot would not strictly benefit. The exchange was cancelled.
family-06-m3-r0,family-06,3,0,0,0,0.0,0.16666666666666666,D E C F B A,D B A C F E,At least one participating robot would not strictly benefit. The exchange was cancelled.
family-04-m2-r0,family-04,2,0,0,0,0.5,0.3333333333333333,E D C F A B,E C D B A F,At least one participating robot would not strictly benefit. The exchange was cancelled.
family-02-m3-r0,family-02,3,0,0,0,0.0,0.0,C B D E A F,F D E A C B,At least one participating robot would not strictly benefit. The exchange was cancelled.
family-05-m2-r0,family-05,2,0,0,0,0.0,0.16666666666666666,B C D E F A,A C E B D F,At least one participating robot would not strictly benefit. The exchange was cancelled.
family-12-m3-r0,family-12,3,0,0,0,0.3333333333333333,0.16666666666666666,F C A B E D,E F D B C A,At least one participating robot would not strictly benefit. The exchange was cancelled.
family-10-m2-r0,family-10,2,0,0,0,0.0,0.0,C D E F A B,F A D E B C,At least one participating robot would not strictly benefit. The exchange was cancelled.
family-11-m3-r0,family-11,3,0,0,0,0.0,0.0,D C E B A F,A E C F D B,At least one participating robot would not strictly benefit. The exchange was cancelled.
family-04-m4-r0,family-04,4,0,0,0,0.0,0.16666666666666666,C B A D E F,F C D B E A,At least one participating robot would not strictly benefit. The exchange was cancelled.
family-05-m3-r0,family-05,3,0,0,0,0.3333333333333333,0.3333333333333333,C D E F A B,D C E B A F,At least one participating robot would not strictly benefit. The exchange was cancelled.
family-09-m4-r0,family-09,4,0,0,0,0.0,0.0,B C D E F A,E D F A B C,At least one participating robot would not strictly benefit. The exchange was cancelled.
family-02-m4-r0,family-02,4,0,0,0,0.75,0.5,C D E A F B,F C E A D B,At least one participating robot would not strictly benefit. The exchange was cancelled.
family-11-m4-r0,family-11,4,0,0,0,0.25,0.16666666666666666,D E F A C B,B E C F D A,At least one participating robot would not strictly benefit. The exchange was cancelled.
family-07-m3-r0,family-07,3,0,0,0,0.0,0.16666666666666666,B C D E F A,A C E D B F,At least one participating robot would not strictly benefit. The exchange was cancelled.
family-07-m2-r0,family-07,2,0,0,0,0.0,0.0,C D E F B A,B E C D A F,At least one participating robot would not strictly benefit. The exchange was cancelled.
family-09-m2-r0,family-09,2,0,0,0,0.0,0.6666666666666666,D E C A F B,E D C A F B,All robots kept their initial goals; no exchange occurred.
family-04-m3-r0,family-04,3,0,0,0,0.0,0.0,C B E A D F,F C D B A E,At least one participating robot would not strictly benefit. The exchange was cancelled.
family-10-m4-r0,family-10,4,0,0,0,0.0,0.0,B C D E F A,A F B D E C,At least one participating robot would not strictly benefit. The exchange was cancelled.
family-08-m3-r0,family-08,3,0,0,0,0.3333333333333333,0.16666666666666666,D E C A B F,B C A E D F,At least one participating robot would not strictly benefit. The exchange was cancelled.
family-03-m2-r0,family-03,2,0,0,0,0.5,0.5,C B D E F A,E B C D F A,At least one participating robot would not strictly benefit. The exchange was cancelled.
family-10-m3-r0,family-10,3,0,0,0,0.0,0.0,B C D E F A,A F B D C E,At least one participating robot would not strictly benefit. The exchange was cancelled.
family-01-m2-r0,family-01,2,0,0,0,0.0,0.3333333333333333,D E B C F A,D F C B E A,At least one participating robot would not strictly benefit. The exchange was cancelled.
family-05-m4-r0,family-05,4,0,0,0,0.0,0.0,B C D E F A,D A E B C F,At least one participating robot would not strictly benefit. The exchange was cancelled.
family-01-m3-r0,family-01,3,0,0,0,0.0,0.0,C D E F B A,F A C B D E,At least one participating robot would not strictly benefit. The exchange was cancelled.
family-08-m4-r0,family-08,4,0,0,0,0.0,0.0,C D E F A B,D B A E C F,At least one participating robot would not strictly benefit. The exchange was cancelled.
family-12-m2-r0,family-12,2,0,0,0,0.0,0.16666666666666666,A D C E B F,E F C B D A,At least one participating robot would not strictly benefit. The exchange was cancelled.
family-03-m4-r0,family-03,4,0,0,0,0.0,0.16666666666666666,C D E F B A,A B C F E D,At least one participating robot would not strictly benefit. The exchange was cancelled.
family-03-m3-r0,family-03,3,0,0,0,0.0,0.0,C D E F A B,E B C A F D,At least one participating robot would not strictly benefit. The exchange was cancelled.
family-11-m2-r0,family-11,2,0,0,0,0.0,0.16666666666666666,C D E F A B,A E B F D C,At least one participating robot would not strictly benefit. The exchange was cancelled.
family-07-m4-r0,family-07,4,0,0,0,0.0,0.0,B C D E F A,A E F D B C,At least one participating robot would not strictly benefit. The exchange was cancelled.
family-12-m4-r0,family-12,4,0,0,0,0.25,0.3333333333333333,A C D E B F,E C D B F A,At least one participating robot would not strictly benefit. The exchange was cancelled.
family-02-m2-r0,family-02,2,0,0,0,0.0,0.0,B C D E F A,C F E A D B,At least one participating robot would not strictly benefit. The exchange was cancelled.
family-06-m2-r0,family-06,2,0,0,0,0.0,0.0,B C D E F A,F B A C D E,At least one participating robot would not strictly benefit. The exchange was cancelled.
family-09-m3-r0,family-09,3,0,0,0,0.0,0.16666666666666666,B C D E F A,E D F C B A,At least one participating robot would not strictly benefit. The exchange was cancelled.
family-08-m2-r0,family-08,2,0,0,0,0.0,0.0,C D E A B F,E B A F C D,At least one participating robot would not strictly benefit. The exchange was cancelled.
